Equipment_ID,Failure_Mode,Time_to_Failure_hr,Severity,Occurrence,Detection
E6,Cooling Failure,79.76,5,5,2
E8,Software Error,198.89,5,3,4
E1,Software Error,284.6,6,6,5
E1,Mechanical Jam,46.39,6,3,6
E7,Mechanical Jam,124.62,5,6,8
E8,Software Error,455.93,6,4,3
E3,Software Error,665.27,9,4,4
E5,Cooling Failure,3202.74,9,8,2
E1,Sensor Failure,1352.38,6,8,7
E7,Mechanical Jam,514.4,5,7,4
E5,Sensor Failure,273.44,6,5,4
E8,Cooling Failure,505.54,6,7,8
E8,Software Error,770.08,6,6,4
E9,Sensor Failure,62.97,7,7,4
E7,Software Error,263.74,9,3,3
E1,Software Error,915.67,8,6,9
E3,Electrical Fault,242.12,8,8,7
E8,Sensor Failure,424.17,7,4,7
E3,Sensor Failure,443.09,6,8,7
E8,Software Error,101.96,7,5,5
E1,Cooling Failure,224.89,7,6,6
E5,Electrical Fault,203.62,5,6,9
E4,Software Error,13.27,9,3,7
E5,Mechanical Jam,12.24,8,5,4
E8,Mechanical Jam,890.99,6,4,4
E10,Electrical Fault,159.46,8,9,7
E4,Cooling Failure,364.99,8,6,8
E4,Software Error,177.43,9,6,7
E3,Sensor Failure,1412.4,8,3,4
E7,Electrical Fault,150.08,8,7,5
E3,Cooling Failure,280.76,7,4,2
E3,Sensor Failure,1030.72,9,8,2
E10,Mechanical Jam,922.37,5,5,9
E5,Mechanical Jam,102.96,6,6,9
E5,Sensor Failure,811.37,8,6,7
E6,Electrical Fault,306.42,6,8,3
E8,Mechanical Jam,329.83,5,4,7
E10,Software Error,71.64,6,7,8
E6,Sensor Failure,42.02,5,6,7
E1,Sensor Failure,650.87,7,4,9
E8,Mechanical Jam,343.05,8,8,2
E8,Electrical Fault,287.11,5,3,4
E9,Software Error,653.76,6,7,7
E9,Electrical Fault,725.18,8,5,4
E2,Cooling Failure,86.53,7,6,4
E2,Cooling Failure,471.09,8,4,3
E3,Mechanical Jam,72.72,5,3,4
E1,Mechanical Jam,695.9,7,5,2
E4,Mechanical Jam,534.95,6,9,5
E4,Cooling Failure,1568.82,7,4,5
E9,Electrical Fault,35.73,7,4,6
E9,Electrical Fault,29.37,9,5,8
E9,Mechanical Jam,165.77,7,3,7
E10,Software Error,151.71,7,9,8
E7,Electrical Fault,141.83,8,8,2
E2,Cooling Failure,1183.59,6,3,4
E10,Sensor Failure,143.54,8,7,5
E5,Sensor Failure,158.69,8,6,8
E4,Sensor Failure,712.31,5,5,2
E8,Software Error,298.68,8,8,5
E2,Mechanical Jam,749.64,9,9,4
E6,Cooling Failure,33.8,9,5,8
E5,Software Error,334.3,5,5,5
E2,Cooling Failure,17.1,6,3,7
E10,Cooling Failure,32.35,6,6,9
E1,Mechanical Jam,1184.56,8,7,7
E8,Sensor Failure,74.97,8,4,6
E2,Mechanical Jam,380.09,8,4,6
E7,Software Error,264.75,6,5,5
E9,Software Error,213.35,7,6,9
E9,Software Error,1150.46,9,9,2
E8,Mechanical Jam,11.03,7,9,7
E10,Cooling Failure,545.01,7,8,2
E9,Cooling Failure,1653.78,6,3,9
E2,Electrical Fault,410.68,7,6,2
E6,Software Error,1380.9,5,6,9
E4,Cooling Failure,26.84,8,3,5
E4,Electrical Fault,271.32,5,9,2
E5,Cooling Failure,150.66,9,9,7
E3,Software Error,656.19,8,9,4
E1,Sensor Failure,1989.54,7,5,6
E8,Software Error,148.21,9,6,4
E5,Mechanical Jam,530.91,8,4,2
E3,Cooling Failure,110.38,7,3,4
E10,Cooling Failure,416.58,5,9,7
E7,Mechanical Jam,311.75,8,8,7
E7,Mechanical Jam,1787.87,7,9,2
E1,Sensor Failure,468.92,5,9,5
E9,Cooling Failure,215.01,9,7,4
E2,Cooling Failure,60.57,9,5,5
E5,Sensor Failure,81.99,9,3,5
E5,Electrical Fault,127.65,9,7,9
E8,Sensor Failure,144.49,6,7,3
E8,Software Error,950.62,8,8,2
E7,Cooling Failure,411.88,8,6,6
E7,Mechanical Jam,370.53,6,8,7
E6,Software Error,60.95,7,6,7
E6,Cooling Failure,983.56,7,6,2
E9,Sensor Failure,641.53,9,3,9
E6,Software Error,35.03,5,9,8
