Failure_Mode,Phase,Reduction_fraction,Estimated_annual_downtime_saved_hr,Estimated_remaining_annual_downtime_hr,Actions
Software Error,30_days,0.1,197.5361613875951,1777.8254524883557,"Quick wins: SOP corrections, targeted training, tighten sampling"
Software Error,60_days,0.25,493.8404034689877,1481.521210406963,"Medium: preventive maintenance schedule updates, supplier QA, sensor checks"
Software Error,90_days,0.5,987.6808069379754,987.6808069379754,"Longer-term: component upgrades, automation of calibration, process redesign"
Electrical Fault,30_days,0.1,191.60737339714035,1724.466360574263,"Quick wins: SOP corrections, targeted training, tighten sampling"
Electrical Fault,60_days,0.25,479.0184334928508,1437.0553004785525,"Medium: preventive maintenance schedule updates, supplier QA, sensor checks"
Electrical Fault,90_days,0.5,958.0368669857016,958.0368669857016,"Longer-term: component upgrades, automation of calibration, process redesign"
Mechanical Jam,30_days,0.1,153.2609245460235,1379.3483209142114,"Quick wins: SOP corrections, targeted training, tighten sampling"
Mechanical Jam,60_days,0.25,383.1523113650587,1149.4569340951762,"Medium: preventive maintenance schedule updates, supplier QA, sensor checks"
Mechanical Jam,90_days,0.5,766.3046227301174,766.3046227301174,"Longer-term: component upgrades, automation of calibration, process redesign"
