Category,Cause,Mitigation
Machine,Wear of bearings,Planned preventive maintenance; upgrade bearings to higher durability spec
Machine,Calibration drift,Implement automated calibration checks; schedule frequent calibrations
Machine,Improper maintenance,Standardize maintenance procedures; technician training
Method,Inconsistent process steps,Enforce SOPs via digital checklists; operator training
Method,Outdated SOP,Review and update SOPs quarterly; version control
Method,Non-optimized parameters,Run DOE to optimize parameters; lock-in via recipes
Material,Contaminated supply,"Incoming QC, supplier audits, filtration"
Material,Substandard parts,Supplier qualification; incoming inspection
Material,Material lot variation,Lot traceability; material acceptance criteria
Man,Operator error,Training programs; error-proofing (poka-yoke)
Man,Insufficient training,Certification program; mentoring
Man,Shift handover issues,Handover checklist; digital logs
Measurement,Sensor drift,Implement sensor health monitoring; calibration schedule
Measurement,Inaccurate calibration,Use calibrated reference; automated calibration
Measurement,Poor sampling,Define sampling plan; increase sample frequency
Environment,Temperature fluctuations,HVAC control; local temperature monitoring
Environment,Humidity spikes,Dehumidifiers; environmental alarms
Environment,Vibration,Isolate equipment; vibration dampers
